locationid,locationname,region,address,description
1,Location_1,South,Street 1,Beautiful spot
2,Location_2,North,Street 2,Beautiful spot
3,Location_3,South,Street 3,Beautiful spot
4,Location_4,Center,Street 4,Beautiful spot
5,Location_5,North,Street 5,Beautiful spot
6,Location_6,South,Street 6,Beautiful spot
7,Location_7,North,Street 7,Beautiful spot
8,Location_8,South,Street 8,Beautiful spot
9,Location_9,Center,Street 9,Beautiful spot
10,Location_10,Center,Street 10,Beautiful spot
11,Location_11,North,Street 11,Beautiful spot
12,Location_12,Center,Street 12,Beautiful spot
13,Location_13,North,Street 13,Beautiful spot
14,Location_14,South,Street 14,Beautiful spot
15,Location_15,North,Street 15,Beautiful spot
16,Location_16,Center,Street 16,Beautiful spot
17,Location_17,South,Street 17,Beautiful spot
18,Location_18,North,Street 18,Beautiful spot
19,Location_19,South,Street 19,Beautiful spot
20,Location_20,Center,Street 20,Beautiful spot
21,Location_21,Center,Street 21,Beautiful spot
22,Location_22,North,Street 22,Beautiful spot
23,Location_23,North,Street 23,Beautiful spot
24,Location_24,North,Street 24,Beautiful spot
25,Location_25,South,Street 25,Beautiful spot
26,Location_26,North,Street 26,Beautiful spot
27,Location_27,Center,Street 27,Beautiful spot
28,Location_28,North,Street 28,Beautiful spot
29,Location_29,Center,Street 29,Beautiful spot
30,Location_30,Center,Street 30,Beautiful spot
31,Location_31,Center,Street 31,Beautiful spot
32,Location_32,South,Street 32,Beautiful spot
33,Location_33,North,Street 33,Beautiful spot
34,Location_34,South,Street 34,Beautiful spot
35,Location_35,South,Street 35,Beautiful spot
36,Location_36,South,Street 36,Beautiful spot
37,Location_37,South,Street 37,Beautiful spot
38,Location_38,Center,Street 38,Beautiful spot
39,Location_39,South,Street 39,Beautiful spot
40,Location_40,North,Street 40,Beautiful spot
41,Location_41,South,Street 41,Beautiful spot
42,Location_42,South,Street 42,Beautiful spot
43,Location_43,North,Street 43,Beautiful spot
44,Location_44,North,Street 44,Beautiful spot
45,Location_45,North,Street 45,Beautiful spot
46,Location_46,Center,Street 46,Beautiful spot
47,Location_47,Center,Street 47,Beautiful spot
48,Location_48,South,Street 48,Beautiful spot
49,Location_49,Center,Street 49,Beautiful spot
50,Location_50,North,Street 50,Beautiful spot
51,Location_51,Center,Street 51,Beautiful spot
52,Location_52,South,Street 52,Beautiful spot
53,Location_53,North,Street 53,Beautiful spot
54,Location_54,South,Street 54,Beautiful spot
55,Location_55,South,Street 55,Beautiful spot
56,Location_56,North,Street 56,Beautiful spot
57,Location_57,South,Street 57,Beautiful spot
58,Location_58,North,Street 58,Beautiful spot
59,Location_59,North,Street 59,Beautiful spot
60,Location_60,North,Street 60,Beautiful spot
61,Location_61,North,Street 61,Beautiful spot
62,Location_62,South,Street 62,Beautiful spot
63,Location_63,South,Street 63,Beautiful spot
64,Location_64,North,Street 64,Beautiful spot
65,Location_65,Center,Street 65,Beautiful spot
66,Location_66,South,Street 66,Beautiful spot
67,Location_67,Center,Street 67,Beautiful spot
68,Location_68,South,Street 68,Beautiful spot
69,Location_69,South,Street 69,Beautiful spot
70,Location_70,Center,Street 70,Beautiful spot
71,Location_71,North,Street 71,Beautiful spot
72,Location_72,North,Street 72,Beautiful spot
73,Location_73,Center,Street 73,Beautiful spot
74,Location_74,Center,Street 74,Beautiful spot
75,Location_75,Center,Street 75,Beautiful spot
76,Location_76,North,Street 76,Beautiful spot
77,Location_77,Center,Street 77,Beautiful spot
78,Location_78,South,Street 78,Beautiful spot
79,Location_79,North,Street 79,Beautiful spot
80,Location_80,South,Street 80,Beautiful spot
81,Location_81,South,Street 81,Beautiful spot
82,Location_82,South,Street 82,Beautiful spot
83,Location_83,Center,Street 83,Beautiful spot
84,Location_84,North,Street 84,Beautiful spot
85,Location_85,Center,Street 85,Beautiful spot
86,Location_86,South,Street 86,Beautiful spot
87,Location_87,South,Street 87,Beautiful spot
88,Location_88,Center,Street 88,Beautiful spot
89,Location_89,South,Street 89,Beautiful spot
90,Location_90,Center,Street 90,Beautiful spot
91,Location_91,Center,Street 91,Beautiful spot
92,Location_92,South,Street 92,Beautiful spot
93,Location_93,North,Street 93,Beautiful spot
94,Location_94,South,Street 94,Beautiful spot
95,Location_95,North,Street 95,Beautiful spot
96,Location_96,North,Street 96,Beautiful spot
97,Location_97,Center,Street 97,Beautiful spot
98,Location_98,North,Street 98,Beautiful spot
99,Location_99,North,Street 99,Beautiful spot
100,Location_100,South,Street 100,Beautiful spot
101,Location_101,Center,Street 101,Beautiful spot
102,Location_102,South,Street 102,Beautiful spot
103,Location_103,South,Street 103,Beautiful spot
104,Location_104,Center,Street 104,Beautiful spot
105,Location_105,North,Street 105,Beautiful spot
106,Location_106,North,Street 106,Beautiful spot
107,Location_107,North,Street 107,Beautiful spot
108,Location_108,North,Street 108,Beautiful spot
109,Location_109,Center,Street 109,Beautiful spot
110,Location_110,South,Street 110,Beautiful spot
111,Location_111,Center,Street 111,Beautiful spot
112,Location_112,North,Street 112,Beautiful spot
113,Location_113,South,Street 113,Beautiful spot
114,Location_114,South,Street 114,Beautiful spot
115,Location_115,North,Street 115,Beautiful spot
116,Location_116,North,Street 116,Beautiful spot
117,Location_117,North,Street 117,Beautiful spot
118,Location_118,Center,Street 118,Beautiful spot
119,Location_119,Center,Street 119,Beautiful spot
120,Location_120,South,Street 120,Beautiful spot
121,Location_121,South,Street 121,Beautiful spot
122,Location_122,North,Street 122,Beautiful spot
123,Location_123,North,Street 123,Beautiful spot
124,Location_124,South,Street 124,Beautiful spot
125,Location_125,North,Street 125,Beautiful spot
126,Location_126,North,Street 126,Beautiful spot
127,Location_127,North,Street 127,Beautiful spot
128,Location_128,Center,Street 128,Beautiful spot
129,Location_129,Center,Street 129,Beautiful spot
130,Location_130,North,Street 130,Beautiful spot
131,Location_131,South,Street 131,Beautiful spot
132,Location_132,North,Street 132,Beautiful spot
133,Location_133,Center,Street 133,Beautiful spot
134,Location_134,Center,Street 134,Beautiful spot
135,Location_135,North,Street 135,Beautiful spot
136,Location_136,Center,Street 136,Beautiful spot
137,Location_137,South,Street 137,Beautiful spot
138,Location_138,North,Street 138,Beautiful spot
139,Location_139,North,Street 139,Beautiful spot
140,Location_140,South,Street 140,Beautiful spot
141,Location_141,Center,Street 141,Beautiful spot
142,Location_142,Center,Street 142,Beautiful spot
143,Location_143,North,Street 143,Beautiful spot
144,Location_144,South,Street 144,Beautiful spot
145,Location_145,Center,Street 145,Beautiful spot
146,Location_146,North,Street 146,Beautiful spot
147,Location_147,North,Street 147,Beautiful spot
148,Location_148,North,Street 148,Beautiful spot
149,Location_149,South,Street 149,Beautiful spot
150,Location_150,South,Street 150,Beautiful spot
151,Location_151,North,Street 151,Beautiful spot
152,Location_152,South,Street 152,Beautiful spot
153,Location_153,Center,Street 153,Beautiful spot
154,Location_154,Center,Street 154,Beautiful spot
155,Location_155,Center,Street 155,Beautiful spot
156,Location_156,South,Street 156,Beautiful spot
157,Location_157,South,Street 157,Beautiful spot
158,Location_158,Center,Street 158,Beautiful spot
159,Location_159,North,Street 159,Beautiful spot
160,Location_160,North,Street 160,Beautiful spot
161,Location_161,North,Street 161,Beautiful spot
162,Location_162,Center,Street 162,Beautiful spot
163,Location_163,Center,Street 163,Beautiful spot
164,Location_164,North,Street 164,Beautiful spot
165,Location_165,South,Street 165,Beautiful spot
166,Location_166,North,Street 166,Beautiful spot
167,Location_167,Center,Street 167,Beautiful spot
168,Location_168,North,Street 168,Beautiful spot
169,Location_169,North,Street 169,Beautiful spot
170,Location_170,Center,Street 170,Beautiful spot
171,Location_171,North,Street 171,Beautiful spot
172,Location_172,South,Street 172,Beautiful spot
173,Location_173,North,Street 173,Beautiful spot
174,Location_174,North,Street 174,Beautiful spot
175,Location_175,South,Street 175,Beautiful spot
176,Location_176,North,Street 176,Beautiful spot
177,Location_177,South,Street 177,Beautiful spot
178,Location_178,South,Street 178,Beautiful spot
179,Location_179,South,Street 179,Beautiful spot
180,Location_180,South,Street 180,Beautiful spot
181,Location_181,South,Street 181,Beautiful spot
182,Location_182,Center,Street 182,Beautiful spot
183,Location_183,Center,Street 183,Beautiful spot
184,Location_184,South,Street 184,Beautiful spot
185,Location_185,South,Street 185,Beautiful spot
186,Location_186,North,Street 186,Beautiful spot
187,Location_187,South,Street 187,Beautiful spot
188,Location_188,South,Street 188,Beautiful spot
189,Location_189,Center,Street 189,Beautiful spot
190,Location_190,Center,Street 190,Beautiful spot
191,Location_191,North,Street 191,Beautiful spot
192,Location_192,Center,Street 192,Beautiful spot
193,Location_193,North,Street 193,Beautiful spot
194,Location_194,North,Street 194,Beautiful spot
195,Location_195,South,Street 195,Beautiful spot
196,Location_196,North,Street 196,Beautiful spot
197,Location_197,Center,Street 197,Beautiful spot
198,Location_198,Center,Street 198,Beautiful spot
199,Location_199,Center,Street 199,Beautiful spot
200,Location_200,South,Street 200,Beautiful spot
201,Location_201,Center,Street 201,Beautiful spot
202,Location_202,North,Street 202,Beautiful spot
203,Location_203,South,Street 203,Beautiful spot
204,Location_204,South,Street 204,Beautiful spot
205,Location_205,South,Street 205,Beautiful spot
206,Location_206,Center,Street 206,Beautiful spot
207,Location_207,South,Street 207,Beautiful spot
208,Location_208,North,Street 208,Beautiful spot
209,Location_209,North,Street 209,Beautiful spot
210,Location_210,South,Street 210,Beautiful spot
211,Location_211,South,Street 211,Beautiful spot
212,Location_212,South,Street 212,Beautiful spot
213,Location_213,South,Street 213,Beautiful spot
214,Location_214,Center,Street 214,Beautiful spot
215,Location_215,South,Street 215,Beautiful spot
216,Location_216,Center,Street 216,Beautiful spot
217,Location_217,North,Street 217,Beautiful spot
218,Location_218,Center,Street 218,Beautiful spot
219,Location_219,South,Street 219,Beautiful spot
220,Location_220,North,Street 220,Beautiful spot
221,Location_221,North,Street 221,Beautiful spot
222,Location_222,North,Street 222,Beautiful spot
223,Location_223,North,Street 223,Beautiful spot
224,Location_224,Center,Street 224,Beautiful spot
225,Location_225,North,Street 225,Beautiful spot
226,Location_226,North,Street 226,Beautiful spot
227,Location_227,South,Street 227,Beautiful spot
228,Location_228,North,Street 228,Beautiful spot
229,Location_229,Center,Street 229,Beautiful spot
230,Location_230,North,Street 230,Beautiful spot
231,Location_231,North,Street 231,Beautiful spot
232,Location_232,South,Street 232,Beautiful spot
233,Location_233,Center,Street 233,Beautiful spot
234,Location_234,Center,Street 234,Beautiful spot
235,Location_235,North,Street 235,Beautiful spot
236,Location_236,Center,Street 236,Beautiful spot
237,Location_237,North,Street 237,Beautiful spot
238,Location_238,South,Street 238,Beautiful spot
239,Location_239,South,Street 239,Beautiful spot
240,Location_240,North,Street 240,Beautiful spot
241,Location_241,North,Street 241,Beautiful spot
242,Location_242,South,Street 242,Beautiful spot
243,Location_243,South,Street 243,Beautiful spot
244,Location_244,Center,Street 244,Beautiful spot
245,Location_245,Center,Street 245,Beautiful spot
246,Location_246,Center,Street 246,Beautiful spot
247,Location_247,South,Street 247,Beautiful spot
248,Location_248,South,Street 248,Beautiful spot
249,Location_249,Center,Street 249,Beautiful spot
250,Location_250,North,Street 250,Beautiful spot
251,Location_251,South,Street 251,Beautiful spot
252,Location_252,North,Street 252,Beautiful spot
253,Location_253,Center,Street 253,Beautiful spot
254,Location_254,North,Street 254,Beautiful spot
255,Location_255,Center,Street 255,Beautiful spot
256,Location_256,South,Street 256,Beautiful spot
257,Location_257,Center,Street 257,Beautiful spot
258,Location_258,South,Street 258,Beautiful spot
259,Location_259,Center,Street 259,Beautiful spot
260,Location_260,South,Street 260,Beautiful spot
261,Location_261,Center,Street 261,Beautiful spot
262,Location_262,Center,Street 262,Beautiful spot
263,Location_263,North,Street 263,Beautiful spot
264,Location_264,South,Street 264,Beautiful spot
265,Location_265,Center,Street 265,Beautiful spot
266,Location_266,Center,Street 266,Beautiful spot
267,Location_267,North,Street 267,Beautiful spot
268,Location_268,Center,Street 268,Beautiful spot
269,Location_269,Center,Street 269,Beautiful spot
270,Location_270,North,Street 270,Beautiful spot
271,Location_271,Center,Street 271,Beautiful spot
272,Location_272,Center,Street 272,Beautiful spot
273,Location_273,Center,Street 273,Beautiful spot
274,Location_274,North,Street 274,Beautiful spot
275,Location_275,Center,Street 275,Beautiful spot
276,Location_276,Center,Street 276,Beautiful spot
277,Location_277,South,Street 277,Beautiful spot
278,Location_278,North,Street 278,Beautiful spot
279,Location_279,Center,Street 279,Beautiful spot
280,Location_280,South,Street 280,Beautiful spot
281,Location_281,Center,Street 281,Beautiful spot
282,Location_282,South,Street 282,Beautiful spot
283,Location_283,North,Street 283,Beautiful spot
284,Location_284,North,Street 284,Beautiful spot
285,Location_285,South,Street 285,Beautiful spot
286,Location_286,Center,Street 286,Beautiful spot
287,Location_287,South,Street 287,Beautiful spot
288,Location_288,South,Street 288,Beautiful spot
289,Location_289,North,Street 289,Beautiful spot
290,Location_290,North,Street 290,Beautiful spot
291,Location_291,North,Street 291,Beautiful spot
292,Location_292,Center,Street 292,Beautiful spot
293,Location_293,North,Street 293,Beautiful spot
294,Location_294,North,Street 294,Beautiful spot
295,Location_295,South,Street 295,Beautiful spot
296,Location_296,North,Street 296,Beautiful spot
297,Location_297,North,Street 297,Beautiful spot
298,Location_298,Center,Street 298,Beautiful spot
299,Location_299,South,Street 299,Beautiful spot
300,Location_300,North,Street 300,Beautiful spot
301,Location_301,Center,Street 301,Beautiful spot
302,Location_302,South,Street 302,Beautiful spot
303,Location_303,North,Street 303,Beautiful spot
304,Location_304,Center,Street 304,Beautiful spot
305,Location_305,South,Street 305,Beautiful spot
306,Location_306,Center,Street 306,Beautiful spot
307,Location_307,Center,Street 307,Beautiful spot
308,Location_308,Center,Street 308,Beautiful spot
309,Location_309,South,Street 309,Beautiful spot
310,Location_310,South,Street 310,Beautiful spot
311,Location_311,Center,Street 311,Beautiful spot
312,Location_312,South,Street 312,Beautiful spot
313,Location_313,South,Street 313,Beautiful spot
314,Location_314,North,Street 314,Beautiful spot
315,Location_315,North,Street 315,Beautiful spot
316,Location_316,North,Street 316,Beautiful spot
317,Location_317,Center,Street 317,Beautiful spot
318,Location_318,Center,Street 318,Beautiful spot
319,Location_319,South,Street 319,Beautiful spot
320,Location_320,South,Street 320,Beautiful spot
321,Location_321,South,Street 321,Beautiful spot
322,Location_322,North,Street 322,Beautiful spot
323,Location_323,South,Street 323,Beautiful spot
324,Location_324,Center,Street 324,Beautiful spot
325,Location_325,Center,Street 325,Beautiful spot
326,Location_326,Center,Street 326,Beautiful spot
327,Location_327,South,Street 327,Beautiful spot
328,Location_328,North,Street 328,Beautiful spot
329,Location_329,Center,Street 329,Beautiful spot
330,Location_330,North,Street 330,Beautiful spot
331,Location_331,North,Street 331,Beautiful spot
332,Location_332,North,Street 332,Beautiful spot
333,Location_333,Center,Street 333,Beautiful spot
334,Location_334,Center,Street 334,Beautiful spot
335,Location_335,North,Street 335,Beautiful spot
336,Location_336,North,Street 336,Beautiful spot
337,Location_337,North,Street 337,Beautiful spot
338,Location_338,North,Street 338,Beautiful spot
339,Location_339,North,Street 339,Beautiful spot
340,Location_340,North,Street 340,Beautiful spot
341,Location_341,North,Street 341,Beautiful spot
342,Location_342,North,Street 342,Beautiful spot
343,Location_343,North,Street 343,Beautiful spot
344,Location_344,Center,Street 344,Beautiful spot
345,Location_345,South,Street 345,Beautiful spot
346,Location_346,Center,Street 346,Beautiful spot
347,Location_347,South,Street 347,Beautiful spot
348,Location_348,North,Street 348,Beautiful spot
349,Location_349,North,Street 349,Beautiful spot
350,Location_350,North,Street 350,Beautiful spot
351,Location_351,Center,Street 351,Beautiful spot
352,Location_352,North,Street 352,Beautiful spot
353,Location_353,Center,Street 353,Beautiful spot
354,Location_354,Center,Street 354,Beautiful spot
355,Location_355,North,Street 355,Beautiful spot
356,Location_356,Center,Street 356,Beautiful spot
357,Location_357,Center,Street 357,Beautiful spot
358,Location_358,North,Street 358,Beautiful spot
359,Location_359,South,Street 359,Beautiful spot
360,Location_360,Center,Street 360,Beautiful spot
361,Location_361,North,Street 361,Beautiful spot
362,Location_362,Center,Street 362,Beautiful spot
363,Location_363,North,Street 363,Beautiful spot
364,Location_364,Center,Street 364,Beautiful spot
365,Location_365,South,Street 365,Beautiful spot
366,Location_366,Center,Street 366,Beautiful spot
367,Location_367,South,Street 367,Beautiful spot
368,Location_368,Center,Street 368,Beautiful spot
369,Location_369,North,Street 369,Beautiful spot
370,Location_370,South,Street 370,Beautiful spot
371,Location_371,South,Street 371,Beautiful spot
372,Location_372,South,Street 372,Beautiful spot
373,Location_373,North,Street 373,Beautiful spot
374,Location_374,South,Street 374,Beautiful spot
375,Location_375,South,Street 375,Beautiful spot
376,Location_376,South,Street 376,Beautiful spot
377,Location_377,North,Street 377,Beautiful spot
378,Location_378,North,Street 378,Beautiful spot
379,Location_379,North,Street 379,Beautiful spot
380,Location_380,North,Street 380,Beautiful spot
381,Location_381,North,Street 381,Beautiful spot
382,Location_382,North,Street 382,Beautiful spot
383,Location_383,Center,Street 383,Beautiful spot
384,Location_384,Center,Street 384,Beautiful spot
385,Location_385,Center,Street 385,Beautiful spot
386,Location_386,South,Street 386,Beautiful spot
387,Location_387,North,Street 387,Beautiful spot
388,Location_388,North,Street 388,Beautiful spot
389,Location_389,North,Street 389,Beautiful spot
390,Location_390,Center,Street 390,Beautiful spot
391,Location_391,North,Street 391,Beautiful spot
392,Location_392,North,Street 392,Beautiful spot
393,Location_393,South,Street 393,Beautiful spot
394,Location_394,Center,Street 394,Beautiful spot
395,Location_395,South,Street 395,Beautiful spot
396,Location_396,North,Street 396,Beautiful spot
397,Location_397,Center,Street 397,Beautiful spot
398,Location_398,Center,Street 398,Beautiful spot
399,Location_399,South,Street 399,Beautiful spot
400,Location_400,Center,Street 400,Beautiful spot
401,Location_401,North,Street 401,Beautiful spot
402,Location_402,North,Street 402,Beautiful spot
403,Location_403,Center,Street 403,Beautiful spot
404,Location_404,North,Street 404,Beautiful spot
405,Location_405,South,Street 405,Beautiful spot
406,Location_406,North,Street 406,Beautiful spot
407,Location_407,North,Street 407,Beautiful spot
408,Location_408,South,Street 408,Beautiful spot
409,Location_409,Center,Street 409,Beautiful spot
410,Location_410,Center,Street 410,Beautiful spot
411,Location_411,Center,Street 411,Beautiful spot
412,Location_412,North,Street 412,Beautiful spot
413,Location_413,South,Street 413,Beautiful spot
414,Location_414,Center,Street 414,Beautiful spot
415,Location_415,Center,Street 415,Beautiful spot
416,Location_416,South,Street 416,Beautiful spot
417,Location_417,North,Street 417,Beautiful spot
418,Location_418,South,Street 418,Beautiful spot
419,Location_419,North,Street 419,Beautiful spot
420,Location_420,Center,Street 420,Beautiful spot
421,Location_421,North,Street 421,Beautiful spot
422,Location_422,North,Street 422,Beautiful spot
423,Location_423,South,Street 423,Beautiful spot
424,Location_424,South,Street 424,Beautiful spot
425,Location_425,South,Street 425,Beautiful spot
426,Location_426,South,Street 426,Beautiful spot
427,Location_427,North,Street 427,Beautiful spot
428,Location_428,Center,Street 428,Beautiful spot
429,Location_429,North,Street 429,Beautiful spot
430,Location_430,Center,Street 430,Beautiful spot
431,Location_431,North,Street 431,Beautiful spot
432,Location_432,Center,Street 432,Beautiful spot
433,Location_433,North,Street 433,Beautiful spot
434,Location_434,North,Street 434,Beautiful spot
435,Location_435,North,Street 435,Beautiful spot
436,Location_436,Center,Street 436,Beautiful spot
437,Location_437,South,Street 437,Beautiful spot
438,Location_438,South,Street 438,Beautiful spot
439,Location_439,Center,Street 439,Beautiful spot
440,Location_440,Center,Street 440,Beautiful spot
441,Location_441,South,Street 441,Beautiful spot
442,Location_442,South,Street 442,Beautiful spot
443,Location_443,North,Street 443,Beautiful spot
444,Location_444,Center,Street 444,Beautiful spot
445,Location_445,Center,Street 445,Beautiful spot
446,Location_446,North,Street 446,Beautiful spot
447,Location_447,North,Street 447,Beautiful spot
448,Location_448,Center,Street 448,Beautiful spot
449,Location_449,Center,Street 449,Beautiful spot
450,Location_450,Center,Street 450,Beautiful spot
451,Location_451,South,Street 451,Beautiful spot
452,Location_452,Center,Street 452,Beautiful spot
453,Location_453,South,Street 453,Beautiful spot
454,Location_454,North,Street 454,Beautiful spot
455,Location_455,Center,Street 455,Beautiful spot
456,Location_456,North,Street 456,Beautiful spot
457,Location_457,South,Street 457,Beautiful spot
458,Location_458,South,Street 458,Beautiful spot
459,Location_459,South,Street 459,Beautiful spot
460,Location_460,South,Street 460,Beautiful spot
461,Location_461,North,Street 461,Beautiful spot
462,Location_462,South,Street 462,Beautiful spot
463,Location_463,South,Street 463,Beautiful spot
464,Location_464,South,Street 464,Beautiful spot
465,Location_465,North,Street 465,Beautiful spot
466,Location_466,North,Street 466,Beautiful spot
467,Location_467,Center,Street 467,Beautiful spot
468,Location_468,South,Street 468,Beautiful spot
469,Location_469,Center,Street 469,Beautiful spot
470,Location_470,South,Street 470,Beautiful spot
471,Location_471,Center,Street 471,Beautiful spot
472,Location_472,North,Street 472,Beautiful spot
473,Location_473,North,Street 473,Beautiful spot
474,Location_474,South,Street 474,Beautiful spot
475,Location_475,North,Street 475,Beautiful spot
476,Location_476,Center,Street 476,Beautiful spot
477,Location_477,North,Street 477,Beautiful spot
478,Location_478,South,Street 478,Beautiful spot
479,Location_479,South,Street 479,Beautiful spot
480,Location_480,North,Street 480,Beautiful spot
481,Location_481,Center,Street 481,Beautiful spot
482,Location_482,South,Street 482,Beautiful spot
483,Location_483,Center,Street 483,Beautiful spot
484,Location_484,South,Street 484,Beautiful spot
485,Location_485,Center,Street 485,Beautiful spot
486,Location_486,North,Street 486,Beautiful spot
487,Location_487,Center,Street 487,Beautiful spot
488,Location_488,South,Street 488,Beautiful spot
489,Location_489,Center,Street 489,Beautiful spot
490,Location_490,North,Street 490,Beautiful spot
491,Location_491,South,Street 491,Beautiful spot
492,Location_492,Center,Street 492,Beautiful spot
493,Location_493,Center,Street 493,Beautiful spot
494,Location_494,Center,Street 494,Beautiful spot
495,Location_495,Center,Street 495,Beautiful spot
496,Location_496,North,Street 496,Beautiful spot
497,Location_497,North,Street 497,Beautiful spot
498,Location_498,Center,Street 498,Beautiful spot
499,Location_499,North,Street 499,Beautiful spot
500,Location_500,South,Street 500,Beautiful spot
